"baseMean","log2FoldChange","lfcSE","stat","pvalue","padj","gene_id","symbol"
4.31207599039189,-1.15768103509432,0.334193837821649,-3.46410048324156,0.000532007743760497,0.00668349746384573,"ENSG00000162526","TSSK3"
61.9597422083958,1.10931108751217,0.251333133119453,4.41370810821404,1.01614944261349e-05,0.000438869263926268,"ENSG00000142694","EVA1B"
8.74174758595933,-1.40129543628408,0.403627834399308,-3.471751244236,0.000517075228911845,0.00655207227793825,"ENSG00000033122","LRRC7"
5.31639484130146,-1.08901268788928,0.280731351314735,-3.87919868154791,0.000104801131280608,0.00224918106901145,"ENSG00000174876","AMY1B"
2.18430929481169,1.35312762315611,0.407268191199515,3.32244857908196,0.000892311161010996,0.00939392226811501,"ENSG00000203817","ENSG00000248333"
12.2730032158224,-1.63859617741724,0.301747514337584,-5.43035517960899,5.62420038088723e-08,1.26154443059675e-05,"ENSG00000183558","ENSG00000008130"
16.7969086994079,-2.30093087746484,0.345943604312107,-6.65117333803622,2.90765592826294e-11,5.77668157062182e-08,"ENSG00000182217","ENSG00000169885"
5.56121013669136,1.51508230753502,0.410925605118016,3.68699903015266,0.000226914221454432,0.00369519447045291,"ENSG00000143552","NUP210L"
9.32723158959523,1.50993535003111,0.370069315015933,4.08014198628195,4.50082002620472e-05,0.00125941456950561,"ENSG00000170128","GPR25"
2.2507485616504,-1.2161241049959,0.443779005048128,-2.7403822424272,0.00613677681452491,0.0357088515312125,"ENSG00000162892","IL24"
2.60364332092637,-1.19413482891387,0.454482621659154,-2.6274598235561,0.00860249997166754,0.0449080206854281,"ENSG00000185523","SPATA45"
5.22358745474172,-2.05843963249677,0.318428377770092,-6.4643724498166,1.01720054310468e-10,1.57180088366186e-07,"ENSG00000204172","AGAP9"
2.3340442392503,-1.07259621041051,0.370114825628484,-2.8980093099193,0.00375539441939175,0.0255135662874847,"ENSG00000075073","TACR2"
25.8307338526839,-1.59464377253644,0.385614464089374,-4.13533184317186,3.54442077887171e-05,0.00107157086460367,"ENSG00000255823","ENSG00000171735"
49.359445441035,1.13465594485433,0.237447212216998,4.778560818888,1.76554360666176e-06,0.000130603270945985,"ENSG00000174276","ZNHIT2"
105.149780658298,1.20068807199634,0.212416822716528,5.65250932878638,1.58122213744634e-08,5.23572768225386e-06,"ENSG00000175602","CCDC85B"
13.0515281071774,-1.16963213597933,0.264702432700464,-4.41866787564769,9.93111241912742e-06,0.000437063229154446,"ENSG00000172367","NHERF4"
17.739101092741,-1.0754852579982,0.318965688122685,-3.37178981328089,0.000746814191174396,0.00834212446318259,"ENSG00000196917","HCAR1"
3.61723011280593,1.23212650949733,0.382253779841926,3.22332066933872,0.00126713613195012,0.0119067987750205,"ENSG00000102802","MEDAG"
3.14230984696461,1.37257405848259,0.486622960225248,2.82061096715874,0.00479322924255332,0.0301899633497233,"ENSG00000134871","COL4A2"
6.58853377330891,1.86691933689062,0.379507892846145,4.91931623052561,8.68470623058472e-07,8.44602863977215e-05,"ENSG00000184986","TMEM121"
2.94015849049581,1.87197530709364,0.435696122725897,4.29651587299374,1.73503549867514e-05,0.000657449146890418,"ENSG00000153666","ENSG00000048707"
538.090939351044,1.41694337764855,0.449216051659546,3.15425811792324,0.00160906701452068,0.0142147228313117,"ENSG00000184779","ENSG00000171729"
4.9217471343523,1.7119553839636,0.519163409052866,3.29752704853911,0.000975402792896594,0.00995225725664925,"ENSG00000130656","HBZ"
656.523568375528,1.00104089783157,0.294307476725718,3.40134375439091,0.000670554485963458,0.00775178822634565,"ENSG00000206177","HBM"
75.7135240073213,1.45256283570074,0.337241851243959,4.30718438516092,1.65345775477045e-05,0.000638770416091132,"ENSG00000185883","ATP6V0C"
8.75265454186961,-1.05824206866049,0.321179313826984,-3.29486371974302,0.00098469421485315,0.0100176608968272,"ENSG00000005001","PRSS22"
151.120866181964,-1.04388835628228,0.177016645350187,-5.89711975513481,3.69901406735981e-09,1.97854571672203e-06,"ENSG00000169246","NPIPB3"
364.044044245098,-1.00001870661405,0.322942597929746,-3.09658345794195,0.00195764746217124,0.0161589136057601,"ENSG00000205609","EIF3CL"
12.188379560209,2.21101717420364,0.576745050524481,3.83361274135424,0.000126274885604809,0.00253041042378397,"ENSG00000169627","BOLA2"
15.6495121863099,-1.18181724254056,0.296430759306842,-3.98682392240284,6.69636833813229e-05,0.00166594623396075,"ENSG00000247270","ENSG00000142627"
1.96085564895678,1.088003953923,0.395541540874622,2.75066925086351,0.00594736591572126,0.0350281129757121,"ENSG00000103067","ESRP2"
5.47882813884808,1.26095467825396,0.395206350421323,3.19062352340665,0.00141966139532027,0.0129378971328434,"ENSG00000157335","CLEC18C"
2.85564051085466,1.9114144491955,0.619893533442979,3.08345602280963,0.00204611349175933,0.016696395495946,"ENSG00000141255","SPATA22"
3.51864275998217,-1.04842179874652,0.334767418944812,-3.1317916243198,0.00173743140190374,0.0149206441199174,"ENSG00000269871","ENSG00000117115"
2.70798035314536,1.05910595146756,0.399244195456495,2.65277733156918,0.00798325157109563,0.0427340568126355,"ENSG00000224226","ENSG00000127483"
24.1981112048635,2.23621064137947,0.347779708155111,6.42996295914457,1.27635044001647e-10,1.7750205569309e-07,"ENSG00000262814","MRPL12"
509.382027294062,1.02166856518406,0.239341276528867,4.26866848878377,1.96643264264092e-05,0.000703012307486049,"ENSG00000197540","GZMM"
9.66929837346783,1.04903545239745,0.335269467167378,3.12893226233969,0.00175442747786904,0.0149869919746466,"ENSG00000185198","PRSS57"
8.05394976058832,-1.10451375929031,0.303833031909659,-3.63526556789493,0.000277694421836876,0.0042778282516392,"ENSG00000205147","ENSG00000157978"
19.3104239301122,1.62368288385431,0.324156518897303,5.00894718815978,5.47285868794574e-07,6.13798756235979e-05,"ENSG00000167680","SEMA6B"
12.3395956845372,1.36337184891012,0.420053529868941,3.2457097773598,0.00117158210944616,0.0113068649521636,"ENSG00000268861","ENSG00000117640"
381.322944270269,1.02078282789729,0.194216821483633,5.25589297620813,1.47307940627476e-07,2.2490588234666e-05,"ENSG00000099795","NDUFB7"
2.15335411947655,1.37010164419314,0.457177881916154,2.99686773658139,0.00272769030398112,0.0205171642836678,"ENSG00000126251","GPR42"
2.47948881616846,-1.11469126632304,0.35648740827599,-3.12687416285978,0.00176675530650202,0.0150645408016699,"ENSG00000179213","SIGLECL1"
20.4565737799733,1.26152781120511,0.259882360628527,4.85422638209879,1.20857611660954e-06,9.94536571224191e-05,"ENSG00000115138","POMC"
7.21454915161108,-1.06101956740039,0.400245567293167,-2.65092146947683,0.00802725033315093,0.0428705723437519,"ENSG00000257207","ENSG00000158161"
368.165015553431,1.12526862539922,0.184236721856321,6.10773256309224,1.0105649896303e-09,7.82401214938881e-07,"ENSG00000152082","MZT2B"
3.47458374957779,1.38242842334868,0.424119402724622,3.25952647878807,0.00111598362807963,0.010937268721426,"ENSG00000078098","FAP"
3.18829571916543,1.33583981323968,0.470243667668165,2.84073961030419,0.00450090463756785,0.0289231568292284,"ENSG00000271303","SRXN1"
189.970414530595,1.03789484137263,0.254207217991535,4.08286928110433,4.44830469989352e-05,0.00124974895881655,"ENSG00000171222","SCAND1"
10.5975612611553,1.22771306131633,0.326683733694823,3.75810894356687,0.000171202343500489,0.00306818426683157,"ENSG00000268858","ENSG00000159023"
18.3968403492253,1.07971481333803,0.290961729780949,3.71084820725699,0.00020656594526713,0.0034990409267113,"ENSG00000040608","RTN4R"
127.303480766679,1.7895917602579,0.28256822858734,6.33330848696158,2.39959108595506e-10,3.03373756657972e-07,"ENSG00000240972","MIF"
14.1958013271286,1.12610441032566,0.224663667495001,5.01240108328027,5.37550104407506e-07,6.12763057540589e-05,"ENSG00000242114","MTFP1"
2.40871323368233,-1.36414443211978,0.461603375650156,-2.95523062455603,0.00312435402701816,0.02272510013271,"ENSG00000183873","SCN5A"
6.32374037692071,1.06701430492687,0.333559341832407,3.19887399664848,0.00137965454172044,0.0127125657420989,"ENSG00000163827","LRRC2"
1.81171566305923,-1.08651707227932,0.391333125393234,-2.77645055267817,0.00549559936813858,0.0329712253721757,"ENSG00000228008","ENSG00000160055"
126.762206849009,1.0460422514561,0.235233538659783,4.44682445120627,8.71489993454519e-06,0.000402651539500731,"ENSG00000169704","GP9"
3.99915946290674,-2.19303341299231,0.468948468116846,-4.67649126096705,2.91825030156485e-06,0.000189312381920521,"ENSG00000183657","ENSG00000162521"
4.85340468946784,-1.0513063137728,0.384341677015317,-2.73534299464199,0.00623153059688303,0.0360550566608612,"ENSG00000213132","ENSG00000162520"
15.5970101580645,1.51670589290871,0.26276322421375,5.77213914712402,7.82714368716338e-09,3.2028732037734e-06,"ENSG00000243449","NICOL1"
3.21892218590116,1.20199425161779,0.348881012148322,3.44528423664048,0.000570459188042553,0.00698360557051742,"ENSG00000138769","CDKL2"
35.7219974823582,1.40951312190839,0.305509838101378,4.61364233200461,3.95673085256072e-06,0.000235154940028042,"ENSG00000170180","GYPA"
2.5984291192336,1.43541469361829,0.475872955904568,3.0163821579013,0.00255810629201005,0.0196550188966761,"ENSG00000164123","SPMIP2"
1.78409172351908,-1.04066271052785,0.396473378087032,-2.6247984556971,0.00867002705560079,0.0450928277545353,"ENSG00000153404","PLEKHG4B"
6.55893327703439,-1.48444791406426,0.357213299736011,-4.15563450510186,3.24386038820563e-05,0.00100844518268439,"ENSG00000269215","ENSG00000116525"
5.28263134403657,-1.20399389386808,0.325055627052871,-3.7039626256716,0.000212257544347841,0.00355218492087295,"ENSG00000184838","PRR16"
3.88599558380268,2.60767025142526,0.617636982256691,4.22201119158618,2.42132084259252e-05,0.000815334357334969,"ENSG00000164379","FOXQ1"
55.4665920228267,-1.4436786402945,0.537763815866972,-2.68459609534537,0.00726175044897383,0.0399640536184721,"ENSG00000096696","DSP"
2.73153981204844,1.09598426356829,0.387238755240913,2.83025458773217,0.00465109778146805,0.0295760479409585,"ENSG00000172179","PRL"
1584.71513743284,-1.08551831833967,0.363035144935744,-2.99011909310267,0.00278868696588985,0.0208731268216524,"ENSG00000196735","HLA-DQA1"
1407.69834245282,-1.38616758559236,0.438137568414865,-3.16377248955702,0.00155738486720776,0.0139015092094085,"ENSG00000179344","HLA-DQB1"
5.76278775554848,1.29840694835396,0.319178513838342,4.06796476598541,4.74255501624623e-05,0.00130603391308785,"ENSG00000170667","RASA4B"
586.436825803412,1.19440382672386,0.449167313465217,2.65915125815661,0.00783377843196524,0.0421448188214083,"ENSG00000036448","MYOM2"
4.61612828756744,1.58751397386937,0.548990306705112,2.89169763924829,0.00383166507438606,0.0258423696360266,"ENSG00000204775","ENSG00000084072"
3.24537788531524,-1.96947406782211,0.427869613375802,-4.60297718336054,4.16493872965169e-06,0.00024582336475122,"ENSG00000204352","ENSG00000164002"
30.217114168184,1.36058386343681,0.305593972057239,4.4522601485803,8.49711308436753e-06,0.000396070381480684,"ENSG00000172889","EGFL7"
